sample1	sample2	relationship_type
HG00405	HG00403	parent-child
HG00405	HG00404	parent-child
HG00408	HG00406	parent-child
HG00408	HG00407	parent-child
HG00420	HG00418	parent-child
HG00420	HG00419	parent-child
HG00423	HG00421	parent-child
HG00423	HG00422	parent-child
HG00429	HG00427	parent-child
HG00429	HG00428	parent-child
HG00438	HG00436	parent-child
HG00438	HG00437	parent-child
HG00444	HG00442	parent-child
HG00444	HG00443	parent-child
HG00447	HG00445	parent-child
HG00447	HG00446	parent-child
HG00450	HG00448	parent-child
HG00450	HG00449	parent-child
HG00453	HG00451	parent-child
HG00453	HG00452	parent-child
HG00459	HG00457	parent-child
HG00459	HG00458	parent-child
HG00465	HG00463	parent-child
HG00465	HG00464	parent-child
HG00474	HG00472	parent-child
HG00474	HG00473	parent-child
HG00477	HG00475	parent-child
HG00477	HG00476	parent-child
HG00480	HG00478	parent-child
HG00480	HG00479	parent-child
HG00502	HG00500	parent-child
HG00502	HG00501	parent-child
HG00514	HG00512	parent-child
HG00514	HG00513	parent-child
HG00526	HG00524	parent-child
HG00526	HG00525	parent-child
HG00532	HG00530	parent-child
HG00532	HG00531	parent-child
HG00535	HG00533	parent-child
HG00535	HG00534	parent-child
HG00538	HG00536	parent-child
HG00538	HG00537	parent-child
HG00544	HG00542	parent-child
HG00544	HG00543	parent-child
HG00552	HG01075	parent-child
HG00552	HG00551	parent-child
HG00555	HG00553	parent-child
HG00555	HG00554	parent-child
HG00558	HG00556	parent-child
HG00558	HG00557	parent-child
HG00561	HG00559	parent-child
HG00561	HG00560	parent-child
HG00567	HG00565	parent-child
HG00567	HG00566	parent-child
HG00579	HG00577	parent-child
HG00579	HG00578	parent-child
HG00582	HG00580	parent-child
HG00582	HG00581	parent-child
HG00585	HG00583	parent-child
HG00585	HG00584	parent-child
HG00591	HG00589	parent-child
HG00591	HG00590	parent-child
HG00594	HG00592	parent-child
HG00594	HG00593	parent-child
HG00597	HG00595	parent-child
HG00597	HG00596	parent-child
HG00609	HG00607	parent-child
HG00609	HG00608	parent-child
HG00612	HG00610	parent-child
HG00612	HG00611	parent-child
HG00615	HG00613	parent-child
HG00615	HG00614	parent-child
HG00621	HG00619	parent-child
HG00621	HG00620	parent-child
HG00627	HG00625	parent-child
HG00627	HG00626	parent-child
HG00630	HG00628	parent-child
HG00630	HG00629	parent-child
HG00636	HG00634	parent-child
HG00636	HG00635	parent-child
HG00639	HG00637	parent-child
HG00639	HG00638	parent-child
HG00642	HG00640	parent-child
HG00642	HG00641	parent-child
HG00652	HG00650	parent-child
HG00652	HG00651	parent-child
HG00655	HG00653	parent-child
HG00655	HG00654	parent-child
HG00658	HG00656	parent-child
HG00658	HG00657	parent-child
HG00664	HG00662	parent-child
HG00664	HG00663	parent-child
HG00673	HG00671	parent-child
HG00673	HG00672	parent-child
HG00685	HG00683	parent-child
HG00685	HG00684	parent-child
HG00691	HG00689	parent-child
HG00691	HG00690	parent-child
HG00694	HG00692	parent-child
HG00694	HG00693	parent-child
HG00700	HG00698	parent-child
HG00700	HG00699	parent-child
HG00702	HG00656	parent-child
HG00702	HG00657	parent-child
HG00703	HG00701	parent-child
HG00703	HG00702	parent-child
HG00706	HG00704	parent-child
HG00706	HG00705	parent-child
HG00709	HG00707	parent-child
HG00709	HG00708	parent-child
HG00733	HG00731	parent-child
HG00733	HG00732	parent-child
HG00735	HG01047	parent-child
HG00735	HG00734	parent-child
HG00738	HG00736	parent-child
HG00738	HG00737	parent-child
HG00741	HG00739	parent-child
HG00741	HG00740	parent-child
HG01050	HG01048	parent-child
HG01050	HG01049	parent-child
HG01053	HG01051	parent-child
HG01053	HG01052	parent-child
HG01056	HG01054	parent-child
HG01056	HG01055	parent-child
HG01062	HG01060	parent-child
HG01062	HG01061	parent-child
HG01068	HG01066	parent-child
HG01068	HG01067	parent-child
HG01071	HG01069	parent-child
HG01071	HG01070	parent-child
HG01074	HG01072	parent-child
HG01074	HG01073	parent-child
HG01081	HG01079	parent-child
HG01081	HG01080	parent-child
HG01084	HG01082	parent-child
HG01084	HG01083	parent-child
HG01087	HG01085	parent-child
HG01087	HG01086	parent-child
HG01096	HG01094	parent-child
HG01096	HG01095	parent-child
HG01099	HG01097	parent-child
HG01099	HG01098	parent-child
HG01100	HG01247	parent-child
HG01100	HG01248	parent-child
HG01103	HG01101	parent-child
HG01103	HG01102	parent-child
HG01106	HG01104	parent-child
HG01106	HG01105	parent-child
HG01109	HG01107	parent-child
HG01109	HG01108	parent-child
HG01114	HG01112	parent-child
HG01114	HG01113	parent-child
HG01126	HG01124	parent-child
HG01126	HG01125	parent-child
HG01135	HG01133	parent-child
HG01135	HG01134	parent-child
HG01138	HG01136	parent-child
HG01138	HG01137	parent-child
HG01141	HG01139	parent-child
HG01141	HG01140	parent-child
HG01150	HG01148	parent-child
HG01150	HG01149	parent-child
HG01169	HG01167	parent-child
HG01169	HG01168	parent-child
HG01172	HG01170	parent-child
HG01172	HG01171	parent-child
HG01175	HG01173	parent-child
HG01175	HG01174	parent-child
HG01178	HG01176	parent-child
HG01178	HG01177	parent-child
HG01184	HG01182	parent-child
HG01184	HG01183	parent-child
HG01189	HG01187	parent-child
HG01189	HG01188	parent-child
HG01192	HG01190	parent-child
HG01192	HG01191	parent-child
HG01199	HG01197	parent-child
HG01199	HG01198	parent-child
HG01206	HG01204	parent-child
HG01206	HG01205	parent-child
HG01243	HG01241	parent-child
HG01243	HG01242	parent-child
HG01249	HG01110	parent-child
HG01249	HG01111	parent-child
HG01252	HG01250	parent-child
HG01252	HG01251	parent-child
HG01255	HG01253	parent-child
HG01255	HG01254	parent-child
HG01258	HG01256	parent-child
HG01258	HG01257	parent-child
HG01261	HG01259	parent-child
HG01261	HG01260	parent-child
HG01273	HG01271	parent-child
HG01273	HG01272	parent-child
HG01276	HG01274	parent-child
HG01276	HG01275	parent-child
HG01279	HG01277	parent-child
HG01279	HG01278	parent-child
HG01343	HG01341	parent-child
HG01343	HG01342	parent-child
HG01346	HG01344	parent-child
HG01346	HG01345	parent-child
HG01349	HG01347	parent-child
HG01349	HG01348	parent-child
HG01352	HG01350	parent-child
HG01352	HG01351	parent-child
HG01355	HG01353	parent-child
HG01355	HG01354	parent-child
HG01358	HG01356	parent-child
HG01358	HG01357	parent-child
HG01361	HG01359	parent-child
HG01361	HG01360	parent-child
HG01367	HG01365	parent-child
HG01367	HG01366	parent-child
HG01376	HG01374	parent-child
HG01376	HG01375	parent-child
HG01379	HG01377	parent-child
HG01379	HG01378	parent-child
HG01385	HG01383	parent-child
HG01385	HG01384	parent-child
HG01391	HG01389	parent-child
HG01391	HG01390	parent-child
HG01433	HG01431	parent-child
HG01433	HG01432	parent-child
HG01439	HG01437	parent-child
HG01439	HG01438	parent-child
HG01457	HG01455	parent-child
HG01457	HG01456	parent-child
HG01463	HG01461	parent-child
HG01463	HG01462	parent-child
HG01466	HG01464	parent-child
HG01466	HG01465	parent-child
HG01490	HG01488	parent-child
HG01490	HG01489	parent-child
HG01493	HG01491	parent-child
HG01493	HG01492	parent-child
HG01496	HG01494	parent-child
HG01496	HG01495	parent-child
HG01499	HG01497	parent-child
HG01499	HG01498	parent-child
HG01502	HG01500	parent-child
HG01502	HG01501	parent-child
HG01505	HG01503	parent-child
HG01505	HG01504	parent-child
HG01508	HG01506	parent-child
HG01508	HG01507	parent-child
HG01511	HG01509	parent-child
HG01511	HG01510	parent-child
HG01514	HG01512	parent-child
HG01514	HG01513	parent-child
HG01517	HG01515	parent-child
HG01517	HG01516	parent-child
HG01520	HG01518	parent-child
HG01520	HG01519	parent-child
HG01523	HG01521	parent-child
HG01523	HG01522	parent-child
HG01526	HG01524	parent-child
HG01526	HG01525	parent-child
HG01529	HG01527	parent-child
HG01529	HG01528	parent-child
HG01532	HG01530	parent-child
HG01532	HG01531	parent-child
HG01538	HG01536	parent-child
HG01538	HG01537	parent-child
HG01552	HG01550	parent-child
HG01552	HG01551	parent-child
HG01567	HG01565	parent-child
HG01567	HG01566	parent-child
HG01573	HG01571	parent-child
HG01573	HG01572	parent-child
HG01579	HG01577	parent-child
HG01579	HG01578	parent-child
HG01601	HG01603	parent-child
HG01601	HG01602	parent-child
HG01604	HG01606	parent-child
HG01604	HG01605	parent-child
HG01609	HG01608	parent-child
HG01609	HG01607	parent-child
HG01611	HG01610	parent-child
HG01611	HG01612	parent-child
HG01614	HG01615	parent-child
HG01614	HG01613	parent-child
HG01616	HG01617	parent-child
HG01616	HG01618	parent-child
HG01621	HG01619	parent-child
HG01621	HG01620	parent-child
HG01622	HG01624	parent-child
HG01622	HG01623	parent-child
HG01627	HG01625	parent-child
HG01627	HG01626	parent-child
HG01629	HG01630	parent-child
HG01629	HG01628	parent-child
HG01633	HG01631	parent-child
HG01633	HG01632	parent-child
HG01667	HG01669	parent-child
HG01667	HG01668	parent-child
HG01671	HG01672	parent-child
HG01671	HG01670	parent-child
HG01674	HG01675	parent-child
HG01674	HG01673	parent-child
HG01677	HG01678	parent-child
HG01677	HG01676	parent-child
HG01681	HG01680	parent-child
HG01681	HG01679	parent-child
HG01683	HG01682	parent-child
HG01683	HG01684	parent-child
HG01687	HG01686	parent-child
HG01687	HG01685	parent-child
HG01696	HG01694	parent-child
HG01696	HG01695	parent-child
HG01698	HG01699	parent-child
HG01698	HG01697	parent-child
HG01701	HG01700	parent-child
HG01701	HG01702	parent-child
HG01703	HG01705	parent-child
HG01703	HG01704	parent-child
HG01706	HG01708	parent-child
HG01706	HG01707	parent-child
HG01711	HG01709	parent-child
HG01711	HG01710	parent-child
HG01748	HG01747	parent-child
HG01748	HG01746	parent-child
HG01755	HG01756	parent-child
HG01755	HG01757	parent-child
HG01763	HG01761	parent-child
HG01763	HG01762	parent-child
HG01772	HG01771	parent-child
HG01772	HG01770	parent-child
HG01774	HG01775	parent-child
HG01774	HG01773	parent-child
HG01778	HG01777	parent-child
HG01778	HG01776	parent-child
HG01780	HG01781	parent-child
HG01780	HG01779	parent-child
HG01782	HG01783	parent-child
HG01782	HG01784	parent-child
HG01881	HG01879	parent-child
HG01881	HG01880	parent-child
HG01884	HG01885	parent-child
HG01884	HG01956	parent-child
HG01887	HG02014	parent-child
HG01887	HG01886	parent-child
HG01888	HG01882	parent-child
HG01888	HG01883	parent-child
HG01891	HG01890	parent-child
HG01891	HG01889	parent-child
HG01895	HG01912	parent-child
HG01895	HG01894	parent-child
HG01897	HG02013	parent-child
HG01897	HG01896	parent-child
HG01898	HG01892	parent-child
HG01898	HG01893	parent-child
HG01916	HG01914	parent-child
HG01916	HG01915	parent-child
HG01919	HG01917	parent-child
HG01919	HG01918	parent-child
HG01922	HG01920	parent-child
HG01922	HG01921	parent-child
HG01925	HG01923	parent-child
HG01925	HG01924	parent-child
HG01928	HG01926	parent-child
HG01928	HG01927	parent-child
HG01934	HG01932	parent-child
HG01934	HG01933	parent-child
HG01937	HG01935	parent-child
HG01937	HG01936	parent-child
HG01940	HG01938	parent-child
HG01940	HG01939	parent-child
HG01943	HG01941	parent-child
HG01943	HG01942	parent-child
HG01946	HG01944	parent-child
HG01946	HG01945	parent-child
HG01949	HG01947	parent-child
HG01949	HG01948	parent-child
HG01952	HG01950	parent-child
HG01952	HG01951	parent-child
HG01955	HG01953	parent-child
HG01955	HG01954	parent-child
HG01959	HG01986	parent-child
HG01959	HG01958	parent-child
HG01960	HG01988	parent-child
HG01960	HG01989	parent-child
HG01969	HG01967	parent-child
HG01969	HG01968	parent-child
HG01972	HG01970	parent-child
HG01972	HG01971	parent-child
HG01975	HG01974	parent-child
HG01975	HG01973	parent-child
HG01978	HG01977	parent-child
HG01978	HG01976	parent-child
HG01981	HG01979	parent-child
HG01981	HG01980	parent-child
HG01984	HG01982	parent-child
HG01984	HG01983	parent-child
HG01987	HG01990	parent-child
HG01987	HG02012	parent-child
HG01993	HG01991	parent-child
HG01993	HG01992	parent-child
HG01998	HG02008	parent-child
HG01998	HG01997	parent-child
HG02004	HG02002	parent-child
HG02004	HG02003	parent-child
HG02011	HG02009	parent-child
HG02011	HG02010	parent-child
HG02015	HG02017	parent-child
HG02015	HG02016	parent-child
HG02018	HG02020	parent-child
HG02018	HG02019	parent-child
HG02024	HG02026	parent-child
HG02024	HG02025	parent-child
HG02027	HG02029	parent-child
HG02027	HG02028	parent-child
HG02030	HG02032	parent-child
HG02030	HG02031	parent-child
HG02055	HG02053	parent-child
HG02055	HG02054	parent-child
HG02056	HG02058	parent-child
HG02056	HG02057	parent-child
HG02059	HG02061	parent-child
HG02059	HG02060	parent-child
HG02068	HG02070	parent-child
HG02068	HG02069	parent-child
HG02071	HG02073	parent-child
HG02071	HG02072	parent-child
HG02074	HG02076	parent-child
HG02074	HG02075	parent-child
HG02077	HG02079	parent-child
HG02077	HG02078	parent-child
HG02080	HG02082	parent-child
HG02080	HG02081	parent-child
HG02083	HG02085	parent-child
HG02083	HG02084	parent-child
HG02091	HG02090	parent-child
HG02091	HG02089	parent-child
HG02106	HG02104	parent-child
HG02106	HG02105	parent-child
HG02120	HG02122	parent-child
HG02120	HG02121	parent-child
HG02126	HG02128	parent-child
HG02126	HG02127	parent-child
HG02129	HG02131	parent-child
HG02129	HG02130	parent-child
HG02132	HG02134	parent-child
HG02132	HG02133	parent-child
HG02135	HG02137	parent-child
HG02135	HG02136	parent-child
HG02145	HG02143	parent-child
HG02145	HG02144	parent-child
HG02148	HG02146	parent-child
HG02148	HG02147	parent-child
HG02222	HG02221	parent-child
HG02222	HG02220	parent-child
HG02225	HG02224	parent-child
HG02225	HG02223	parent-child
HG02229	HG02231	parent-child
HG02229	HG02230	parent-child
HG02234	HG02233	parent-child
HG02234	HG02232	parent-child
HG02237	HG02236	parent-child
HG02237	HG02235	parent-child
HG02240	HG02238	parent-child
HG02240	HG02239	parent-child
HG02257	HG02255	parent-child
HG02257	HG02256	parent-child
HG02258	HG02314	parent-child
HG02258	HG02315	parent-child
HG02261	HG02259	parent-child
HG02261	HG02260	parent-child
HG02273	HG02271	parent-child
HG02273	HG02272	parent-child
HG02279	HG02277	parent-child
HG02279	HG02278	parent-child
HG02280	HG02307	parent-child
HG02280	HG02308	parent-child
HG02287	HG02285	parent-child
HG02287	HG02286	parent-child
HG02293	HG02291	parent-child
HG02293	HG02292	parent-child
HG02300	HG02299	parent-child
HG02300	HG02298	parent-child
HG02303	HG02302	parent-child
HG02303	HG02301	parent-child
HG02316	HG02317	parent-child
HG02316	HG02318	parent-child
HG02321	HG02281	parent-child
HG02321	HG02282	parent-child
HG02451	HG02449	parent-child
HG02451	HG02450	parent-child
HG02463	HG02461	parent-child
HG02463	HG02462	parent-child
HG02466	HG02464	parent-child
HG02466	HG02465	parent-child
HG02492	HG02490	parent-child
HG02492	HG02491	parent-child
HG02495	HG02493	parent-child
HG02495	HG02494	parent-child
HG02514	HG02512	parent-child
HG02514	HG02513	parent-child
HG02523	HG02521	parent-child
HG02523	HG02522	parent-child
HG02526	HG02524	parent-child
HG02526	HG02525	parent-child
HG02563	HG02561	parent-child
HG02563	HG02562	parent-child
HG02572	HG02570	parent-child
HG02572	HG02571	parent-child
HG02575	HG02573	parent-child
HG02575	HG02574	parent-child
HG02584	HG02582	parent-child
HG02584	HG02583	parent-child
HG02587	HG02585	parent-child
HG02587	HG02586	parent-child
HG02590	HG02588	parent-child
HG02590	HG02589	parent-child
HG02596	HG02594	parent-child
HG02596	HG02595	parent-child
HG02602	HG02600	parent-child
HG02602	HG02601	parent-child
HG02605	HG02603	parent-child
HG02605	HG02604	parent-child
HG02612	HG02610	parent-child
HG02612	HG02611	parent-child
HG02615	HG02613	parent-child
HG02615	HG02614	parent-child
HG02622	HG02620	parent-child
HG02622	HG02621	parent-child
HG02625	HG02623	parent-child
HG02625	HG02624	parent-child
HG02630	HG02628	parent-child
HG02630	HG02629	parent-child
HG02636	HG02634	parent-child
HG02636	HG02635	parent-child
HG02644	HG02642	parent-child
HG02644	HG02643	parent-child
HG02647	HG02645	parent-child
HG02647	HG02646	parent-child
HG02650	HG02648	parent-child
HG02650	HG02649	parent-child
HG02653	HG02651	parent-child
HG02653	HG02652	parent-child
HG02656	HG02654	parent-child
HG02656	HG02655	parent-child
HG02659	HG02657	parent-child
HG02659	HG02658	parent-child
HG02662	HG02660	parent-child
HG02662	HG02661	parent-child
HG02668	HG02666	parent-child
HG02668	HG02667	parent-child
HG02677	HG02675	parent-child
HG02677	HG02676	parent-child
HG02680	HG02678	parent-child
HG02680	HG02679	parent-child
HG02683	HG02681	parent-child
HG02683	HG02682	parent-child
HG02686	HG02684	parent-child
HG02686	HG02685	parent-child
HG02689	HG02687	parent-child
HG02689	HG02688	parent-child
HG02692	HG02690	parent-child
HG02692	HG02691	parent-child
HG02698	HG02696	parent-child
HG02698	HG02697	parent-child
HG02701	HG02699	parent-child
HG02701	HG02700	parent-child
HG02704	HG02702	parent-child
HG02704	HG02703	parent-child
HG02717	HG02715	parent-child
HG02717	HG02716	parent-child
HG02723	HG02721	parent-child
HG02723	HG02722	parent-child
HG02726	HG02724	parent-child
HG02726	HG02725	parent-child
HG02729	HG02727	parent-child
HG02729	HG02728	parent-child
HG02735	HG02733	parent-child
HG02735	HG02734	parent-child
HG02738	HG02736	parent-child
HG02738	HG02737	parent-child
HG02761	HG02759	parent-child
HG02761	HG02760	parent-child
HG02764	HG02762	parent-child
HG02764	HG02763	parent-child
HG02770	HG02768	parent-child
HG02770	HG02769	parent-child
HG02773	HG02771	parent-child
HG02773	HG02772	parent-child
HG02776	HG02774	parent-child
HG02776	HG02775	parent-child
HG02785	HG02783	parent-child
HG02785	HG02784	parent-child
HG02788	HG02786	parent-child
HG02788	HG02787	parent-child
HG02791	HG02789	parent-child
HG02791	HG02790	parent-child
HG02794	HG02792	parent-child
HG02794	HG02793	parent-child
HG02800	HG02798	parent-child
HG02800	HG02799	parent-child
HG02806	HG02804	parent-child
HG02806	HG02805	parent-child
HG02809	HG02807	parent-child
HG02809	HG02808	parent-child
HG02812	HG02810	parent-child
HG02812	HG02811	parent-child
HG02815	HG02813	parent-child
HG02815	HG02814	parent-child
HG02818	HG02816	parent-child
HG02818	HG02817	parent-child
HG02821	HG02819	parent-child
HG02821	HG02820	parent-child
HG02838	HG02836	parent-child
HG02838	HG02837	parent-child
HG02841	HG02839	parent-child
HG02841	HG02840	parent-child
HG02853	HG02851	parent-child
HG02853	HG02852	parent-child
HG02856	HG02854	parent-child
HG02856	HG02855	parent-child
HG02862	HG02860	parent-child
HG02862	HG02861	parent-child
HG02871	HG02869	parent-child
HG02871	HG02870	parent-child
HG02880	HG02878	parent-child
HG02880	HG02879	parent-child
HG02883	HG02881	parent-child
HG02883	HG02882	parent-child
HG02886	HG02884	parent-child
HG02886	HG02885	parent-child
HG02889	HG02887	parent-child
HG02889	HG02888	parent-child
HG02892	HG02890	parent-child
HG02892	HG02891	parent-child
HG02897	HG02895	parent-child
HG02897	HG02896	parent-child
HG02924	HG02923	parent-child
HG02924	HG02922	parent-child
HG02945	HG02944	parent-child
HG02945	HG02943	parent-child
HG02948	HG02947	parent-child
HG02948	HG02946	parent-child
HG02954	HG02953	parent-child
HG02954	HG02952	parent-child
HG02966	HG02965	parent-child
HG02966	HG02964	parent-child
HG02972	HG02971	parent-child
HG02972	HG02970	parent-child
HG02975	HG02973	parent-child
HG02975	HG02974	parent-child
HG02978	HG02977	parent-child
HG02978	HG02976	parent-child
HG02980	HG02981	parent-child
HG02980	HG02979	parent-child
HG02984	HG02982	parent-child
HG02984	HG02983	parent-child
HG03008	HG03006	parent-child
HG03008	HG03007	parent-child
HG03017	HG03015	parent-child
HG03017	HG03016	parent-child
HG03026	HG03024	parent-child
HG03026	HG03025	parent-child
HG03029	HG03027	parent-child
HG03029	HG03028	parent-child
HG03035	HG03033	parent-child
HG03035	HG03034	parent-child
HG03041	HG03039	parent-child
HG03041	HG03040	parent-child
HG03047	HG03045	parent-child
HG03047	HG03046	parent-child
HG03050	HG03048	parent-child
HG03050	HG03049	parent-child
HG03056	HG03054	parent-child
HG03056	HG03055	parent-child
HG03065	HG03063	parent-child
HG03065	HG03064	parent-child
HG03098	HG03096	parent-child
HG03098	HG03097	parent-child
HG03101	HG03100	parent-child
HG03101	HG03099	parent-child
HG03110	HG03109	parent-child
HG03110	HG03108	parent-child
HG03113	HG03112	parent-child
HG03113	HG03111	parent-child
HG03116	HG03115	parent-child
HG03116	HG03114	parent-child
HG03119	HG03118	parent-child
HG03119	HG03117	parent-child
HG03122	HG03120	parent-child
HG03122	HG03121	parent-child
HG03125	HG03124	parent-child
HG03125	HG03123	parent-child
HG03128	HG03127	parent-child
HG03128	HG03126	parent-child
HG03131	HG03130	parent-child
HG03131	HG03129	parent-child
HG03134	HG03133	parent-child
HG03134	HG03132	parent-child
HG03137	HG03136	parent-child
HG03137	HG03135	parent-child
HG03161	HG03160	parent-child
HG03161	HG03159	parent-child
HG03164	HG03163	parent-child
HG03164	HG03162	parent-child
HG03170	HG03169	parent-child
HG03170	HG03168	parent-child
HG03191	HG03190	parent-child
HG03191	HG03189	parent-child
HG03197	HG03196	parent-child
HG03197	HG03195	parent-child
HG03200	HG03199	parent-child
HG03200	HG03198	parent-child
HG03230	HG03228	parent-child
HG03230	HG03229	parent-child
HG03236	HG03234	parent-child
HG03236	HG03235	parent-child
HG03239	HG03237	parent-child
HG03239	HG03238	parent-child
HG03242	HG03240	parent-child
HG03242	HG03241	parent-child
HG03248	HG03246	parent-child
HG03248	HG03247	parent-child
HG03251	HG03249	parent-child
HG03251	HG03250	parent-child
HG03260	HG03258	parent-child
HG03260	HG03259	parent-child
HG03269	HG03268	parent-child
HG03269	HG03267	parent-child
HG03272	HG03271	parent-child
HG03272	HG03270	parent-child
HG03296	HG03295	parent-child
HG03296	HG03294	parent-child
HG03299	HG03298	parent-child
HG03299	HG03297	parent-child
HG03302	HG03301	parent-child
HG03302	HG03300	parent-child
HG03305	HG03304	parent-child
HG03305	HG03303	parent-child
HG03308	HG03307	parent-child
HG03308	HG03306	parent-child
HG03310	HG03311	parent-child
HG03310	HG03309	parent-child
HG03314	HG03313	parent-child
HG03314	HG03312	parent-child
HG03344	HG03343	parent-child
HG03344	HG03342	parent-child
HG03350	HG03352	parent-child
HG03350	HG03351	parent-child
HG03368	HG03367	parent-child
HG03368	HG03366	parent-child
HG03371	HG03370	parent-child
HG03371	HG03369	parent-child
HG03374	HG03373	parent-child
HG03374	HG03372	parent-child
HG03438	HG03469	parent-child
HG03438	HG03470	parent-child
HG03453	HG03451	parent-child
HG03453	HG03452	parent-child
HG03456	HG03454	parent-child
HG03456	HG03455	parent-child
HG03480	HG03478	parent-child
HG03480	HG03479	parent-child
HG03486	HG03484	parent-child
HG03486	HG03485	parent-child
HG03489	HG03487	parent-child
HG03489	HG03488	parent-child
HG03492	HG03490	parent-child
HG03492	HG03491	parent-child
HG03516	HG03515	parent-child
HG03516	HG03514	parent-child
HG03519	HG03518	parent-child
HG03519	HG03517	parent-child
HG03522	HG03521	parent-child
HG03522	HG03520	parent-child
HG03540	HG03538	parent-child
HG03540	HG03539	parent-child
HG03576	HG03574	parent-child
HG03576	HG03575	parent-child
HG03579	HG03577	parent-child
HG03579	HG03578	parent-child
HG03584	HG03582	parent-child
HG03584	HG03583	parent-child
HG03596	HG03594	parent-child
HG03596	HG03595	parent-child
HG03605	HG03606	parent-child
HG03605	HG03607	parent-child
HG03617	HG03615	parent-child
HG03617	HG03616	parent-child
HG03620	HG03618	parent-child
HG03620	HG03619	parent-child
HG03626	HG03624	parent-child
HG03626	HG03625	parent-child
HG03635	HG03633	parent-child
HG03635	HG03634	parent-child
HG03641	HG03639	parent-child
HG03641	HG03640	parent-child
HG03651	HG03649	parent-child
HG03651	HG03650	parent-child
HG03654	HG03652	parent-child
HG03654	HG03653	parent-child
HG03669	HG03667	parent-child
HG03669	HG03668	parent-child
HG03683	HG03682	parent-child
HG03683	HG03684	parent-child
HG03688	HG03885	parent-child
HG03688	HG03886	parent-child
HG03701	HG03699	parent-child
HG03701	HG03700	parent-child
HG03704	HG03702	parent-child
HG03704	HG03703	parent-child
HG03707	HG03705	parent-child
HG03707	HG03706	parent-child
HG03710	HG03708	parent-child
HG03710	HG03709	parent-child
HG03719	HG03725	parent-child
HG03719	HG03722	parent-child
HG03732	HG03727	parent-child
HG03732	HG03721	parent-child
HG03763	HG03761	parent-child
HG03763	HG03762	parent-child
HG03795	HG03794	parent-child
HG03795	HG03793	parent-child
HG03798	HG03797	parent-child
HG03798	HG03796	parent-child
HG03801	HG03800	parent-child
HG03801	HG03799	parent-child
HG03804	HG03803	parent-child
HG03804	HG03802	parent-child
HG03807	HG03806	parent-child
HG03807	HG03805	parent-child
HG03816	HG03815	parent-child
HG03816	HG03814	parent-child
HG03825	HG03824	parent-child
HG03825	HG03823	parent-child
HG03831	HG03830	parent-child
HG03831	HG03829	parent-child
HG03834	HG03833	parent-child
HG03834	HG03832	parent-child
HG03906	HG03905	parent-child
HG03906	HG03904	parent-child
HG03909	HG03908	parent-child
HG03909	HG03907	parent-child
HG03915	HG03914	parent-child
HG03915	HG03913	parent-child
HG03927	HG03926	parent-child
HG03927	HG03925	parent-child
HG03930	HG03929	parent-child
HG03930	HG03928	parent-child
HG03942	HG03941	parent-child
HG03942	HG03940	parent-child
HG03992	HG03943	parent-child
HG03992	HG03944	parent-child
HG04036	HG03943	parent-child
HG04036	HG03944	parent-child
HG04115	HG03896	parent-child
HG04115	HG03894	parent-child
HG04122	HG04127	parent-child
HG04122	HG04075	parent-child
HG04133	HG04131	parent-child
HG04133	HG04132	parent-child
HG04136	HG04134	parent-child
HG04136	HG04135	parent-child
HG04142	HG04140	parent-child
HG04142	HG04141	parent-child
HG04148	HG04146	parent-child
HG04148	HG04147	parent-child
HG04151	HG04149	parent-child
HG04151	HG04150	parent-child
HG04157	HG04155	parent-child
HG04157	HG04156	parent-child
HG04160	HG04158	parent-child
HG04160	HG04159	parent-child
HG04175	HG04173	parent-child
HG04175	HG04174	parent-child
HG04184	HG04182	parent-child
HG04184	HG04183	parent-child
HG04187	HG04185	parent-child
HG04187	HG04186	parent-child
HG04193	HG04191	parent-child
HG04193	HG04192	parent-child
HG04199	HG04100	parent-child
HG04199	HG04099	parent-child
HG04204	HG03679	parent-child
HG04204	HG03642	parent-child
HG04215	HG03679	parent-child
HG04215	HG03642	parent-child
HG04217	HG04198	parent-child
HG04217	HG04200	parent-child
HG04228	HG04229	parent-child
HG04228	HG04227	parent-child
NA06991	NA06993	parent-child
NA06991	NA06985	parent-child
NA06995	NA07435	parent-child
NA06995	NA07037	parent-child
NA06997	NA06986	parent-child
NA06997	NA07045	parent-child
NA07014	NA07051	parent-child
NA07014	NA07031	parent-child
NA07019	NA07022	parent-child
NA07019	NA07056	parent-child
NA07029	NA06994	parent-child
NA07029	NA07000	parent-child
NA07048	NA07034	parent-child
NA07048	NA07055	parent-child
NA07348	NA07357	parent-child
NA07348	NA07345	parent-child
NA07349	NA07347	parent-child
NA07349	NA07346	parent-child
NA10830	NA12154	parent-child
NA10830	NA12236	parent-child
NA10831	NA12155	parent-child
NA10831	NA12156	parent-child
NA10835	NA12248	parent-child
NA10835	NA12249	parent-child
NA10836	NA12274	parent-child
NA10836	NA12275	parent-child
NA10837	NA12272	parent-child
NA10837	NA12273	parent-child
NA10838	NA12003	parent-child
NA10838	NA12004	parent-child
NA10839	NA12005	parent-child
NA10839	NA12006	parent-child
NA10840	NA12286	parent-child
NA10840	NA12287	parent-child
NA10842	NA11917	parent-child
NA10842	NA11918	parent-child
NA10843	NA11919	parent-child
NA10843	NA11920	parent-child
NA10845	NA11930	parent-child
NA10845	NA11931	parent-child
NA10846	NA12144	parent-child
NA10846	NA12145	parent-child
NA10847	NA12146	parent-child
NA10847	NA12239	parent-child
NA10851	NA12056	parent-child
NA10851	NA12057	parent-child
NA10852	NA12045	parent-child
NA10852	NA12046	parent-child
NA10854	NA11839	parent-child
NA10854	NA11840	parent-child
NA10855	NA11831	parent-child
NA10855	NA11832	parent-child
NA10856	NA11829	parent-child
NA10856	NA11830	parent-child
NA10857	NA12043	parent-child
NA10857	NA12044	parent-child
NA10859	NA11881	parent-child
NA10859	NA11882	parent-child
NA10860	NA11992	parent-child
NA10860	NA11993	parent-child
NA10861	NA11994	parent-child
NA10861	NA11995	parent-child
NA10863	NA12264	parent-child
NA10863	NA12234	parent-child
NA10864	NA11893	parent-child
NA10864	NA11894	parent-child
NA10865	NA11891	parent-child
NA10865	NA11892	parent-child
NA12329	NA06984	parent-child
NA12329	NA06989	parent-child
NA12335	NA12340	parent-child
NA12335	NA12341	parent-child
NA12336	NA12342	parent-child
NA12336	NA12343	parent-child
NA12344	NA12347	parent-child
NA12344	NA12348	parent-child
NA12376	NA12546	parent-child
NA12376	NA12489	parent-child
NA12386	NA12399	parent-child
NA12386	NA12400	parent-child
NA12485	NA12413	parent-child
NA12485	NA12414	parent-child
NA12707	NA12716	parent-child
NA12707	NA12717	parent-child
NA12739	NA12748	parent-child
NA12739	NA12749	parent-child
NA12740	NA12750	parent-child
NA12740	NA12751	parent-child
NA12752	NA12760	parent-child
NA12752	NA12761	parent-child
NA12753	NA12762	parent-child
NA12753	NA12763	parent-child
NA12766	NA12775	parent-child
NA12766	NA12776	parent-child
NA12767	NA12777	parent-child
NA12767	NA12778	parent-child
NA12801	NA12812	parent-child
NA12801	NA12813	parent-child
NA12802	NA12814	parent-child
NA12802	NA12815	parent-child
NA12817	NA12827	parent-child
NA12817	NA12828	parent-child
NA12818	NA12829	parent-child
NA12818	NA12830	parent-child
NA12832	NA12842	parent-child
NA12832	NA12843	parent-child
NA12864	NA12872	parent-child
NA12864	NA12873	parent-child
NA12865	NA12874	parent-child
NA12865	NA12875	parent-child
NA12877	NA12889	parent-child
NA12877	NA12890	parent-child
NA12878	NA12891	parent-child
NA12878	NA12892	parent-child
NA18484	NA18486	parent-child
NA18484	NA18488	parent-child
NA18485	NA18487	parent-child
NA18485	NA18489	parent-child
NA18497	NA18498	parent-child
NA18497	NA18499	parent-child
NA18500	NA18501	parent-child
NA18500	NA18502	parent-child
NA18503	NA18504	parent-child
NA18503	NA18505	parent-child
NA18506	NA18507	parent-child
NA18506	NA18508	parent-child
NA18515	NA18516	parent-child
NA18515	NA18517	parent-child
NA18518	NA18519	parent-child
NA18518	NA18520	parent-child
NA18521	NA18522	parent-child
NA18521	NA18523	parent-child
NA18854	NA18853	parent-child
NA18854	NA18852	parent-child
NA18857	NA18856	parent-child
NA18857	NA18855	parent-child
NA18860	NA18859	parent-child
NA18860	NA18858	parent-child
NA18863	NA18862	parent-child
NA18863	NA18861	parent-child
NA18869	NA18868	parent-child
NA18869	NA18867	parent-child
NA18872	NA18871	parent-child
NA18872	NA18870	parent-child
NA18875	NA18874	parent-child
NA18875	NA18873	parent-child
NA18906	NA18877	parent-child
NA18906	NA18876	parent-child
NA18911	NA18910	parent-child
NA18911	NA18909	parent-child
NA18914	NA18913	parent-child
NA18914	NA18912	parent-child
NA18925	NA18923	parent-child
NA18925	NA18924	parent-child
NA18930	NA18917	parent-child
NA18930	NA18916	parent-child
NA18935	NA18934	parent-child
NA18935	NA18933	parent-child
NA19094	NA19092	parent-child
NA19094	NA19093	parent-child
NA19097	NA19096	parent-child
NA19097	NA19095	parent-child
NA19100	NA19098	parent-child
NA19100	NA19099	parent-child
NA19103	NA19101	parent-child
NA19103	NA19102	parent-child
NA19109	NA19107	parent-child
NA19109	NA19108	parent-child
NA19115	NA19113	parent-child
NA19115	NA19114	parent-child
NA19120	NA19119	parent-child
NA19120	NA19116	parent-child
NA19123	NA19121	parent-child
NA19123	NA19122	parent-child
NA19129	NA19128	parent-child
NA19129	NA19127	parent-child
NA19132	NA19130	parent-child
NA19132	NA19131	parent-child
NA19139	NA19138	parent-child
NA19139	NA19137	parent-child
NA19142	NA19141	parent-child
NA19142	NA19140	parent-child
NA19145	NA19144	parent-child
NA19145	NA19143	parent-child
NA19148	NA19146	parent-child
NA19148	NA19147	parent-child
NA19151	NA19150	parent-child
NA19151	NA19149	parent-child
NA19154	NA19153	parent-child
NA19154	NA19152	parent-child
NA19161	NA19160	parent-child
NA19161	NA19159	parent-child
NA19173	NA19171	parent-child
NA19173	NA19172	parent-child
NA19174	NA19117	parent-child
NA19174	NA19118	parent-child
NA19177	NA19175	parent-child
NA19177	NA19176	parent-child
NA19186	NA19184	parent-child
NA19186	NA19185	parent-child
NA19191	NA19189	parent-child
NA19191	NA19190	parent-child
NA19199	NA19198	parent-child
NA19199	NA19197	parent-child
NA19202	NA19200	parent-child
NA19202	NA19201	parent-child
NA19205	NA19203	parent-child
NA19205	NA19204	parent-child
NA19208	NA19207	parent-child
NA19208	NA19206	parent-child
NA19211	NA19210	parent-child
NA19211	NA19209	parent-child
NA19215	NA19213	parent-child
NA19215	NA19214	parent-child
NA19221	NA19223	parent-child
NA19221	NA19222	parent-child
NA19224	NA19226	parent-child
NA19224	NA19225	parent-child
NA19237	NA19236	parent-child
NA19237	NA19235	parent-child
NA19240	NA19239	parent-child
NA19240	NA19238	parent-child
NA19249	NA19248	parent-child
NA19249	NA19247	parent-child
NA19258	NA19256	parent-child
NA19258	NA19257	parent-child
NA19650	NA19649	parent-child
NA19650	NA19648	parent-child
NA19653	NA19652	parent-child
NA19653	NA19651	parent-child
NA19656	NA19655	parent-child
NA19656	NA19654	parent-child
NA19659	NA19658	parent-child
NA19659	NA19657	parent-child
NA19662	NA19661	parent-child
NA19662	NA19660	parent-child
NA19665	NA19664	parent-child
NA19665	NA19663	parent-child
NA19671	NA19670	parent-child
NA19671	NA19669	parent-child
NA19675	NA19679	parent-child
NA19675	NA19678	parent-child
NA19677	NA19676	parent-child
NA19677	NA19675	parent-child
NA19680	NA19679	parent-child
NA19680	NA19678	parent-child
NA19683	NA19682	parent-child
NA19683	NA19681	parent-child
NA19685	NA19661	parent-child
NA19685	NA19660	parent-child
NA19686	NA19685	parent-child
NA19686	NA19684	parent-child
NA19702	NA19700	parent-child
NA19702	NA19701	parent-child
NA19705	NA19703	parent-child
NA19705	NA19704	parent-child
NA19718	NA19717	parent-child
NA19718	NA19716	parent-child
NA19721	NA19720	parent-child
NA19721	NA19719	parent-child
NA19724	NA19723	parent-child
NA19724	NA19722	parent-child
NA19727	NA19726	parent-child
NA19727	NA19725	parent-child
NA19730	NA19729	parent-child
NA19730	NA19728	parent-child
NA19733	NA19732	parent-child
NA19733	NA19731	parent-child
NA19748	NA19747	parent-child
NA19748	NA19746	parent-child
NA19751	NA19750	parent-child
NA19751	NA19749	parent-child
NA19757	NA19756	parent-child
NA19757	NA19755	parent-child
NA19760	NA19759	parent-child
NA19760	NA19758	parent-child
NA19763	NA19762	parent-child
NA19763	NA19761	parent-child
NA19772	NA19771	parent-child
NA19772	NA19770	parent-child
NA19775	NA19774	parent-child
NA19775	NA19773	parent-child
NA19778	NA19777	parent-child
NA19778	NA19776	parent-child
NA19781	NA19780	parent-child
NA19781	NA19779	parent-child
NA19784	NA19783	parent-child
NA19784	NA19782	parent-child
NA19787	NA19786	parent-child
NA19787	NA19785	parent-child
NA19790	NA19789	parent-child
NA19790	NA19788	parent-child
NA19796	NA19795	parent-child
NA19796	NA19794	parent-child
NA19828	NA19818	parent-child
NA19828	NA19819	parent-child
NA19836	NA19834	parent-child
NA19836	NA19835	parent-child
NA19902	NA19900	parent-child
NA19902	NA19901	parent-child
NA19918	NA19916	parent-child
NA19918	NA19917	parent-child
NA19919	NA19908	parent-child
NA19919	NA19909	parent-child
NA19924	NA19922	parent-child
NA19924	NA19923	parent-child
NA19983	NA19982	parent-child
NA19983	NA19713	parent-child
NA20128	NA20126	parent-child
NA20128	NA20127	parent-child
NA20129	NA19920	parent-child
NA20129	NA19921	parent-child
NA20279	NA20278	parent-child
NA20279	NA20282	parent-child
NA20358	NA20356	parent-child
NA20358	NA20357	parent-child
